title,price,image
"Lenovo V15 Celeron DC N4020 1.1-2.8GHz,4GB,500GB,15.6""HD,RUS,DOS HDMI, IRON GRAY",21339 Сом,https://enter.kg/images/stories/virtuemart/product/1_1387.jpg
"Lenovo IP3 Celeron DC N4020 1.1-2.8GHz,4GB,500GB,15.6""HD,RUS,DOS HDMI, PLATINUM GRAY",21531 Сом,https://enter.kg/images/stories/virtuemart/product/1_2528_2041.jpg
"Lenovo V15 Celeron DC N4020 1.1-2.8GHz,4GB,SSD 120GB,15.6""HD,RUS,DOS HDMI, IRON GRAY",21723 Сом,https://enter.kg/images/stories/virtuemart/product/1_5532_5583.jpg
"Lenovo IP3 Celeron DC N4020 1.1-2.8GHz,4GB,SSD 120GB,15.6""HD,RUS,DOS HDMI, PLATINUM GRAY",21915 Сом,https://enter.kg/images/stories/virtuemart/product/1_2528_7818.jpg
"Lenovo V15 Celeron DC N4020 1.1-2.8GHz,4GB,1TB,15.6""HD,RUS,DOS HDMI, IRON GRAY",22011 Сом,https://enter.kg/images/stories/virtuemart/product/1_7426.jpg
"Lenovo IP3 Celeron DC N4020 1.1-2.8GHz,4GB,1TB,15.6""HD,RUS,DOS HDMI, BLACK",22204 Сом,https://enter.kg/images/stories/virtuemart/product/1_7338.jpg
"Lenovo IP3 Celeron DC N4020 1.1-2.8GHz,4GB,1TB,15.6""HD,RUS,DOS HDMI, PLATINUM GRAY",22204 Сом,https://enter.kg/images/stories/virtuemart/product/1_2528_7462.jpg
"Lenovo V15 Celeron DC N4020 1.1-2.8GHz,4GB,SSD 240GB,15.6""HD,RUS,DOS HDMI, IRON GRAY",22300 Сом,https://enter.kg/images/stories/virtuemart/product/1_5954_7734.jpg
"Lenovo IP3 Celeron DC N4020 1.1-2.8GHz,4GB,SSD 240GB,15.6""HD,RUS,DOS HDMI, PLATINUM GRAY",22492 Сом,https://enter.kg/images/stories/virtuemart/product/1_2528_3747.jpg
"Ноутбук Lenovo Ideapad 3 15IGL05 Intel Celeron N4020 (2.80Ghz), 4GB, 1TB, M.2, 15.6"" HD, WiFi, Bluetooth, DOS [81WQ00EKRK]",22973 Сом,https://enter.kg/images/stories/virtuemart/product/1_2817_3113.jpg
"Lenovo V15 Celeron DC N4020 1.1-2.8GHz,4GB,SSD 480GB,15.6""HD,RUS,DOS HDMI, IRON GRAY",23742 Сом,https://enter.kg/images/stories/virtuemart/product/1_7648_1586.jpg
"Ноутбук Lenovo Ideapad 3 15IGL05 Intel Celeron N4020 (2.80Ghz), 4GB, 256GB SSD m.2 NVMe, 15.6"" HD TN, WiFi, Bluetooth, DOS, серый [81WQ00EKRK]",23742 Сом,https://enter.kg/images/stories/virtuemart/product/1_1959_7001.jpg
"Lenovo IP3 Celeron N4020 1.1-2.8GHz,4GB,1TB,15.6"" FHD,RUS,DOS HDMI, BLACK",23838 Сом,https://enter.kg/images/stories/virtuemart/product/1_4801_3627.jpg
"Ноутбук Lenovo Ideapad 3 15IGL05 Intel Celeron N4020 (2.80Ghz), 4GB, 500GB SSD m.2 NVMe, 15.6"" HD TN, WiFi, Bluetooth, DOS, серый [81WQ00EKRK]",24895 Сом,https://enter.kg/images/stories/virtuemart/product/1_2704.jpg
"Notebook YEPO Silver Intel Quad Core J3455 (up to 2.3Ghz), 8GB, 128GB SSD, Intel HD Graphics, 15.6"" IPS FULL HD (1920x1080), WiFi, BT, HD WebCam, UltraSlim, Eng-Rus",24991 Сом,https://enter.kg/images/stories/virtuemart/product/1_2528_7347_1054.jpg
"Ноутбук Lenovo Ideapad 3 15IGL05 Intel Celeron N4020 (2.80Ghz), 4GB, 1TB HDD+ 128GB SSD m.2 NVMe, 15.6"" HD TN, WiFi, Bluetooth, DOS, серый [81WQ00EKRK]",24991 Сом,https://enter.kg/images/stories/virtuemart/product/1_2065_6441.jpg
"Lenovo Ideapad V14 Iron Gray Intel Dual Core N4020 (up to 2.8Ghz), 4GB, 120GB M.2 SSD, AMD Radeon™ Graphics, 14.0"" LED, WiFi, BT, Cam, DOS, Eng-Rus",25280 Сом,https://enter.kg/images/stories/virtuemart/product/1_7461_6959.jpg
"Lenovo Ideapad V14 Iron Gray Intel Dual Core N4020 (up to 2.8Ghz), 4GB, 500GB, AMD Radeon™ Graphics, 14.0"" LED, WiFi, BT, Cam, DOS, Eng-Rus",25280 Сом,https://enter.kg/images/stories/virtuemart/product/1_2528_5087.jpg
"Ноутбук Lenovo Ideapad 3 15IGL05 Intel Celeron N4020 (2.80Ghz), 4GB, 1TB HDD+ 256GB SSD m.2 NVMe, 15.6"" HD TN, WiFi, Bluetooth, DOS, серый [81WQ00EKRK]",25280 Сом,https://enter.kg/images/stories/virtuemart/product/1_5421_2339.jpg
"Lenovo Ideapad V14 Iron Gray Intel Dual Core N4020 (up to 2.8Ghz), 4GB, 1TB, AMD Radeon™ Graphics, 14.0"" LED, WiFi, BT, Cam, DOS, Eng-Rus",25472 Сом,https://enter.kg/images/stories/virtuemart/product/1_2528_8239.jpg
"Notebook YEPO Silver Intel Quad Core J3455 (up to 2.3Ghz), 8GB, 256GB SSD, Intel HD Graphics, 15.6"" IPS FULL HD (1920x1080), WiFi, BT, HD WebCam, UltraSlim, Eng-Rus",25952 Сом,https://enter.kg/images/stories/virtuemart/product/1_6497_1615.jpg
"Lenovo Ideapad V14 Iron Gray Intel Dual Core N4020 (up to 2.8Ghz), 4GB, 256GB M.2 NVMe PCIe, AMD Radeon™ Graphics, 14.0"" LED, WiFi, BT, Cam, DOS, Eng-Rus",26049 Сом,https://enter.kg/images/stories/virtuemart/product/1_1666.jpg
"Lenovo Ideapad 3 Silver Intel Dual Core N4020 (up to 2.8Ghz), 4GB, 500GB, Intel HD Graphics, 15.6"" LED, WiFi, BT, Cam, DOS, Eng-Rus",26433 Сом,https://enter.kg/images/stories/virtuemart/product/2_3364.jpg
"Ноутбук Lenovo Ideapad 3 15IGL05 Intel Celeron N4020 (2.80Ghz), 4GB, 1TB HDD+ 500GB SSD m.2 NVMe, 15.6"" HD TN, WiFi, Bluetooth, DOS, серый [81WQ00EKRK]",26433 Сом,https://enter.kg/images/stories/virtuemart/product/1_2750.jpg
"Lenovo V14 Celeron DC N4020 1.1-2.8GHz,4GB,SSD 120GB,14""HD,RUS,DOS HDMI, IRON GRAY",26625 Сом,https://enter.kg/images/stories/virtuemart/product/ww-lenovo-laptop-v14-amd-hero_1798.webp
"Lenovo Ideapad 3 Silver Intel Dual Core N4020 (up to 2.8Ghz), 4GB, 128GB SSD, Intel HD Graphics, 15.6"" LED, WiFi, BT, Cam, DOS, Eng-Rus",26721 Сом,https://enter.kg/images/stories/virtuemart/product/1_8793.jpg
"Lenovo V14 Celeron DC N4020 1.1-2.8GHz,4GB,1TB,14""HD,RUS,DOS HDMI, IRON GRAY",26817 Сом,https://enter.kg/images/stories/virtuemart/product/ww-lenovo-laptop-v14-amd-hero_3169.webp
"Lenovo Ideapad 3 Silver Intel Dual Core N4020 (up to 2.8Ghz), 4GB, 1TB, Intel HD Graphics, 15.6"" LED, WiFi, BT, Cam, DOS, Eng-Rus",26914 Сом,https://enter.kg/images/stories/virtuemart/product/1_4559_8217.jpg
"Ноутбук Lenovo IdeaPad 1 14IGL05 Intel® Pentium Silver ® N5030, 4GB, 128GB SDD m.2 NVMe, Intel HD Graphics, 14"" HD LED, WiFi, BT, Cam, Win11s, Eng-Rus, серебристый [81VU00D6US]",26914 Сом,https://enter.kg/images/stories/virtuemart/product/1_5694_3682.jpg
"Lenovo Ideapad 3 Silver Intel Dual Core N4020 (up to 2.8Ghz), 4GB, 256GB SSD, Intel HD Graphics, 15.6"" LED, WiFi, BT, Cam, DOS, Eng-Rus",27394 Сом,https://enter.kg/images/stories/virtuemart/product/1_1871.jpg
"Lenovo Ideapad V14 Iron Gray Intel Dual Core N4020 (up to 2.8Ghz), 4GB, 512GB M.2 NVMe PCIe, AMD Radeon™ Graphics, 14.0"" LED, WiFi, BT, Cam, DOS, Eng-Rus",27490 Сом,https://enter.kg/images/stories/virtuemart/product/1_2672_7257.jpg
"Ноутбук Lenovo V145-15AST 81MT0017RU AMD A6-9225 (2.60-3.00GHz), 4GB DDR4, 1TB HDD, DVD±RW, AMD Radeon R4, 15.6""FHD (1920x1080) LED, WiFi ac, BT 4.1, WC, CR, DOS, Русская клавиатура, Black",27779 Сом,https://enter.kg/images/stories/virtuemart/product/1 ) v145 ideapad-15-hero_2850.webp
"Ноутбук Lenovo IdeaPad 1 14IGL05 Intel® Pentium Silver ® N5030, 4GB, 256GB SDD m.2 NVMe, Intel HD Graphics, 14"" HD TN, WiFi, BT, Cam, Win11s, Eng-Rus, серебристый [81VU00D6US]",28019 Сом,https://enter.kg/images/stories/virtuemart/product/1_1291.jpg
"Notebook Lenovo V145-15AST 81MT0017RU AMD A6-9225 (2.60-3.00GHz), 4GB DDR4, 1TB HDD, DVD±RW, AMD Radeon R4, 15.6""FHD (1920x1080) LED, WiFi ac, BT 4.1, WC, CR, DOS, Русская клавиатура, Black",28644 Сом,https://enter.kg/images/stories/virtuemart/product/1 ) v145 ideapad-15-hero_3435.webp
"Ноутбук HP 250 G7 1F3J3EA#ACB Intel Celeron N4020 (1.10-2.80GHz), 4GB DDR4, 1TB HDD, Intel UHD Graphics 600, 15.6""FHD (1920x1080) LED, WiFi ac, BT 4.2, HD WC, CR, DOS, Русская клавиатура, Black",28644 Сом,https://enter.kg/images/stories/virtuemart/product/1001598121_3_644x461_new-hp-15-laptop-intel-core-i3-free-laptop-bag-computers-laptops_2331.jpg
"Lenovo Ideapad 3 Silver Intel Dual Core N4020 (up to 2.8Ghz), 4GB, 512GB M.2 NVMe PCIe,, Intel HD Graphics, 15.6"" LED, WiFi, BT, Cam, DOS, Eng-Rus",28836 Сом,https://enter.kg/images/stories/virtuemart/product/1_7620.jpg
"Lenovo Ideapad 3 Silver Intel Dual Core N4020 (up to 2.8Ghz), 8GB, 500GB, Intel HD Graphics, 15.6"" LED, WiFi, BT, Cam, DOS, Eng-Rus",28836 Сом,https://enter.kg/images/stories/virtuemart/product/1_2317_3533.jpg
"Ноутбук Lenovo V14-82C2 Intel N4020 1.1-2.8GHz,4GB,1TB,14""HD,HDMI, IRON GRAY,NO DVDRW,Rus+Eng",28836 Сом,https://enter.kg/images/stories/virtuemart/product/1_4407.png
"Lenovo Ideapad 3 Silver Intel Dual Core N4020 (up to 2.8Ghz), 8GB, 128GB SSD, Intel HD Graphics, 15.6"" LED, WiFi, BT, Cam, DOS, Eng-Rus",29124 Сом,https://enter.kg/images/stories/virtuemart/product/1_2141_6174.jpg
"Lenovo Ideapad 3 Silver Intel Dual Core N4020 (up to 2.8Ghz), 4GB, 1TB + 256GB M.2 NVMe PCIe, Intel HD Graphics, 15.6"" LED, WiFi, BT, Cam, DOS, Eng-Rus",29317 Сом,https://enter.kg/images/stories/virtuemart/product/1_3155_2974.jpg
"Lenovo Ideapad 3 Silver Intel Dual Core N4020 (up to 2.8Ghz), 8GB, 1TB, Intel HD Graphics, 15.6"" LED, WiFi, BT, Cam, DOS, Eng-Rus",29317 Сом,https://enter.kg/images/stories/virtuemart/product/1_8862_6272.jpg
"Ноутбук Lenovo IdeaPad 1 14IGL05 Intel® Pentium Silver ® N5030, 4GB, 500GB SDD m.2 NVMe, Intel HD Graphics, 14"" HD TN, WiFi, BT, Cam, Win11s, Eng-Rus, серебристый [81VU00D6US]",29749 Сом,https://enter.kg/images/stories/virtuemart/product/1_8225.jpg
"Lenovo Ideapad 3 Silver Intel Dual Core N4020 (up to 2.8Ghz), 8GB, 256GB SSD, Intel HD Graphics, 15.6"" LED, WiFi, BT, Cam, DOS, Eng-Rus",29797 Сом,https://enter.kg/images/stories/virtuemart/product/1_1657.jpg
"Ноутбук Lenovo V15-82C3 Intel N4020 1.1-2.8GHz,4GB,1TB,15""HD,HDMI, IRON GRAY,NO DVDRW,Rus+Eng",29797 Сом,https://enter.kg/images/stories/virtuemart/product/1_3344_3597.jpg
"Notebook HP 250 G7 1F3J3EA#ACB Intel Celeron N4020 (1.10-2.80GHz), 4GB DDR4, 1TB HDD, Intel UHD Graphics 600, 15.6""FHD (1920x1080) LED, WiFi ac, BT 4.2, HD WC, CR, DOS, Русская клавиатура, Black",30182 Сом,https://enter.kg/images/stories/virtuemart/product/1) 250 g7_2737.jpg
"Lenovo Ideapad S145-15API Silver AMD 3020e (up to 2.6Ghz), 4GB, 500GB, AMD Radeon™ Graphics, 15.6"" LED, WiFi, BT, Cam, DOS, Eng-Rus",30278 Сом,https://enter.kg/images/stories/virtuemart/product/1) l340 15 платин_7718.jpg
"Lenovo Ideapad S145-15API Silver AMD 3020e (up to 2.6Ghz), 4GB, 1TB, AMD Radeon™ Graphics, 15.6"" LED, WiFi, BT, Cam, DOS, Eng-Rus",30758 Сом,https://enter.kg/images/stories/virtuemart/product/10)  s145-15iwl platinum grey_1059.jpg
"Lenovo Ideapad 3 Silver Intel Dual Core N4020 (up to 2.8Ghz), 8GB, 512GB M.2 NVMe PCIe,, Intel HD Graphics, 15.6"" LED, WiFi, BT, Cam, DOS, Eng-Rus",31239 Сом,https://enter.kg/images/stories/virtuemart/product/1_5286_2997.jpg
"Ноутбук Lenovo V14-82C2 Intel N4020 1.1-2.8GHz,4GB,SSD 480Gb,14""HD,HDMI, IRON GRAY,NO DVDRW,Rus+Eng",31239 Сом,https://enter.kg/images/stories/virtuemart/product/1_3593.png
"Lenovo V15 i3-10110U 2.1-4.1 GHz,4GB,SSD 120GB,15.6""HD,RUS,DOS HDMI, IRON GRAY",31335 Сом,https://enter.kg/images/stories/virtuemart/product/1_5667_5071.jpg
"Lenovo V15 i3-10110U 2.1-4.1 GHz,4GB,1TB,15.6""HD,RUS,DOS HDMI, IRON GRAY",31623 Сом,https://enter.kg/images/stories/virtuemart/product/1_1014_1919.jpg
"Lenovo Ideapad 3 Silver Intel Dual Core N4020 (up to 2.8Ghz), 8GB, 1TB + 256GB M.2 NVMe PCIe, Intel HD Graphics, 15.6"" LED, WiFi, BT, Cam, DOS, Eng-Rus",31720 Сом,https://enter.kg/images/stories/virtuemart/product/1_7784_3134.jpg
"Lenovo Ideapad S145-15API Silver AMD 3020e (up to 2.6Ghz), 4GB, 256GB SSD, AMD Radeon™ Graphics, 15.6"" LED, WiFi, BT, Cam, DOS, Eng-Rus",31720 Сом,https://enter.kg/images/stories/virtuemart/product/1_2473_8994.jpg
"Ноутбук Lenovo V15-82C3 Intel N4020 1.1-2.8GHz,4GB,SSD480Gb,15""HD,HDMI, IRON GRAY,NO DVDRW,Rus+Eng",31720 Сом,https://enter.kg/images/stories/virtuemart/product/1_7094.jpg
"Lenovo V15 i3-10110U 2.1-4.1 GHz,4GB,SSD 240GB,15.6""HD,RUS,DOS HDMI, IRON GRAY",31912 Сом,https://enter.kg/images/stories/virtuemart/product/1_5739_5188.jpg
"Lenovo V15 i3-10110U 2.1-4.1GHz,4GB,500GB,15.6""FHD,RUS,DOS HDMI, IRON GRAY",32104 Сом,https://enter.kg/images/stories/virtuemart/product/1_1564_1753.jpg
"Lenovo V15 i3-10110U 2.1-4.1 GHz,8GB,500GB,15.6""HD,RUS,DOS HDMI, IRON GRAY",32489 Сом,https://enter.kg/images/stories/virtuemart/product/1_1065_6239.jpg
"Lenovo V15 i3-10110U 2.1-4.1GHz,4GB,SSD 120GB,15.6""FHD,RUS,DOS HDMI, IRON GRAY",32489 Сом,https://enter.kg/images/stories/virtuemart/product/1_4591_4454.jpg
"Lenovo IP3 i3-10110U 2.1-4.1GHz, 4GB, 500GB, 15.6""FHD RUS, HDMI, BLACK",32585 Сом,https://enter.kg/images/stories/virtuemart/product/1_1242_8686.jpg
"Ноутбук Lenovo IdeaPad 1 14IGL05 Intel® Pentium Silver ® N5030, 4GB, 1000GB SDD m.2 NVMe, Intel HD Graphics, 14"" HD TN, WiFi, BT, Cam, Win11s, Eng-Rus, серебристый [81VU00D6US]",32585 Сом,https://enter.kg/images/stories/virtuemart/product/1_1798_8054.jpg
"Lenovo Ideapad S145-15API Silver AMD 3020e (up to 2.6Ghz), 8GB, 120GB M.2 SSD, AMD Radeon™ Graphics, 15.6"" LED, WiFi, BT, Cam, DOS, Eng-Rus",32681 Сом,https://enter.kg/images/stories/virtuemart/product/1_4145_4984.jpg
"Lenovo Ideapad S145-15API Silver AMD 3020e (up to 2.6Ghz), 8GB, 500GB, AMD Radeon™ Graphics, 15.6"" LED, WiFi, BT, Cam, DOS, Eng-Rus",32681 Сом,https://enter.kg/images/stories/virtuemart/product/10)  s145-15iwl platinum grey_1099.jpg
"Lenovo V15 i3-10110U 2.1-4.1GHz,4GB,1TB,15.6""FHD,RUS,DOS HDMI, IRON GRAY",32777 Сом,https://enter.kg/images/stories/virtuemart/product/1_1345_5265.jpg
"Lenovo V15 i3-10110U 2.1-4.1 GHz,8GB,SSD 120GB,15.6""HD,RUS,DOS HDMI, IRON GRAY",32873 Сом,https://enter.kg/images/stories/virtuemart/product/2_4862.jpg
"Lenovo IP3 i3-10110U 2.1-4.1GHz, 4GB,SSD 120GB, 15.6""FHD RUS, HDMI, BLACK",32969 Сом,https://enter.kg/images/stories/virtuemart/product/1_3179_2607.jpg
"Lenovo V15 i3-10110U 2.1-4.1GHz,4GB,SSD 240GB,15.6""FHD,RUS,DOS HDMI, IRON GRAY",33065 Сом,https://enter.kg/images/stories/virtuemart/product/1_4028_1999.jpg
"Lenovo Ideapad 3 Silver Intel Dual Core N4020 (up to 2.8Ghz), 8GB, 1TB + 512GB M.2 NVMe PCIe, Intel HD Graphics, 15.6"" LED, WiFi, BT, Cam, DOS, Eng-Rus",33161 Сом,https://enter.kg/images/stories/virtuemart/product/1_8290_1555.jpg
"Lenovo Ideapad S145-15API Silver AMD 3020e (up to 2.6Ghz), 8GB, 1TB, AMD Radeon™ Graphics, 15.6"" LED, WiFi, BT, Cam, DOS, Eng-Rus",33161 Сом,https://enter.kg/images/stories/virtuemart/product/10)  s145-15iwl platinum grey_8220.jpg
"Lenovo V15 i3-10110U 2.1-4.1 GHz,8GB,1TB,15.6""HD,RUS,DOS HDMI, IRON GRAY",33161 Сом,https://enter.kg/images/stories/virtuemart/product/1_5251_3223.jpg
"Lenovo IdeaPad L3 A41TUN ATHLON 300U 2.4-3.3GHz,4GB,500GB, 15.6""FHD RUS BLACK",33258 Сом,https://enter.kg/images/stories/virtuemart/product/1)  ideapad l3 business black_8487.png
"Lenovo IdeaPad L3 A41TUN ATHLON 300U 2.4-3.3GHz,4GB,SSD 120GB, 15.6""FHD RUS BLACK",33258 Сом,https://enter.kg/images/stories/virtuemart/product/1)  ideapad l3 business black_8694.png
"Lenovo IP3 i3-10110U 2.1-4.1GHz, 4GB, 1TB, 15.6""FHD RUS, HDMI, ABYSS BLUE",33258 Сом,https://enter.kg/images/stories/virtuemart/product/1_8270.jpg
"Lenovo IP3 i3-10110U 2.1-4.1GHz, 4GB, 1TB, 15.6""FHD RUS, HDMI, BLACK",33258 Сом,https://enter.kg/images/stories/virtuemart/product/1_6025_7227.jpg
"Lenovo IP3 i3-10110U 2.1-4.1GHz,4GB, 1TB, 15.6""FHD RUS, HDMI, PLATINUM GRAY",33258 Сом,https://enter.kg/images/stories/virtuemart/product/1_7792_6563.jpg
"Lenovo V15 i3-10110U 2.1-4.1 GHz,8GB,SSD 240GB,15.6""HD,RUS,DOS HDMI, IRON GRAY",33450 Сом,https://enter.kg/images/stories/virtuemart/product/2_6153.jpg
"Lenovo IdeaPad L3 A41TUN ATHLON 300U 2.4-3.3GHz,4GB,1TB, 15.6""FHD RUS BLACK",33546 Сом,https://enter.kg/images/stories/virtuemart/product/1)  ideapad l3 business black_7793.png
"Lenovo IP3 i3-10110U 2.1-4.1GHz, 4GB,SSD 240GB, 15.6""FHD RUS, HDMI, BLACK",33546 Сом,https://enter.kg/images/stories/virtuemart/product/1_7870.jpg
"Lenovo Ideapad S145-15AST Black A6-9225 (up to 3.00Ghz), 4GB DDR4, 120GB M.2 SSD, AMD Radeon R7 M445 2GB, 15.6"" LED HD, WiFi, BT, Cam, DOS, Eng-Rus",33642 Сом,https://enter.kg/images/stories/virtuemart/product/1_5269_6061.jpg
"Lenovo Ideapad S145-15AST Black A6-9225 (up to 3.00Ghz), 4GB DDR4, 1TB, AMD Radeon R7 M445 2GB, 15.6"" LED HD, WiFi, BT, Cam, DOS, Eng-Rus",33642 Сом,https://enter.kg/images/stories/virtuemart/product/1) s 145_3016.jpg
"Lenovo Ideapad S145-15AST Black A6-9225 (up to 3.00Ghz), 4GB DDR4, 500GB, AMD Radeon R7 M445 2GB, 15.6"" LED HD, WiFi, BT, Cam, DOS, Eng-Rus",33642 Сом,https://enter.kg/images/stories/virtuemart/product/1) s145_3478.jpg
"Ноутбук Lenovo L3 15IML05 Intel Pentium Gold 6405U (2.40Ghz), 8GB, 240GB SSD, Int VGA, no DVD±RW, 15.6"" LED, M.2 NVMe, WiFi, Bluetooth, Win10 HOME Eng-Ru, серебро андрей (7)",33780 Сом,https://enter.kg/images/stories/virtuemart/product/1) l3_3399_5194.webp
"Lenovo IdeaPad L3 A41TUN ATHLON 300U 2.4-3.3GHz,4GB,SSD 240GB, 15.6""FHD RUS BLACK",34026 Сом,https://enter.kg/images/stories/virtuemart/product/1)  ideapad l3 business black_2989.png
"Lenovo Ideapad S145-15API Silver AMD 3020e (up to 2.6Ghz), 8GB, 256GB SSD, AMD Radeon™ Graphics, 15.6"" LED, WiFi, BT, Cam, DOS, Eng-Rus",34123 Сом,https://enter.kg/images/stories/virtuemart/product/1_2425_3957.jpg
"Lenovo IP3 i3-10110U 2.1-4.1GHz, 8GB, 500GB, 15.6""FHD RUS, HDMI, BLACK",34123 Сом,https://enter.kg/images/stories/virtuemart/product/1_4434_5759.jpg
"Lenovo V15 i3-10110U 2.1-4.1GHz,8GB,1TB,15.6""FHD,RUS,DOS HDMI, IRON GRAY",34315 Сом,https://enter.kg/images/stories/virtuemart/product/1_3737.jpg
"Lenovo IP3 i3-10110U 2.1-4.1GHz, 8GB,SSD 120GB, 15.6""FHD RUS, HDMI, BLACK",34507 Сом,https://enter.kg/images/stories/virtuemart/product/1_1685.jpg
"Lenovo V15 i3-10110U 2.1-4.1GHz,4GB,SSD 480GB,15.6""FHD,RUS,DOS HDMI, IRON GRAY",34507 Сом,https://enter.kg/images/stories/virtuemart/product/1_8448.jpg
"Lenovo Ideapad S145-15AST Black A6-9225 (up to 3.00Ghz), 4GB DDR4, 256GB SSD, AMD Radeon R7 M445 2GB, 15.6"" LED HD, WiFi, BT, Cam, DOS, Eng-Rus",34603 Сом,https://enter.kg/images/stories/virtuemart/product/1) s 145_2702.jpg
"Notebook Lenovo IdeaPad L3 (15ITL05) 15.6"" FHD (1920x1080), Intel Core i3-1115G4 (3.0GHz-4.1GHz), 4GB DDR4, 128GB SSD PCIe NVMe, Intel UHD Graphics, WiFi ac, BT, Cam, Keyboard (Eng+Rus), Windows 10 Home, Abyss Blue",34603 Сом,https://enter.kg/images/stories/virtuemart/product/1_6655_2012.jpg
"Ноутбук ASUS-X543M/Intel N4020/DDR4 4GB/1TB/15.6""/DVDRW/1B-Star Grey/Win10/Rus+Eng",34603 Сом,https://enter.kg/images/stories/virtuemart/product/1_4771_6308.jpg
"Lenovo IP3 i3-10110U 2.1-4.1GHz, 8GB, 1TB, 15.6""FHD RUS, HDMI, BLACK",34795 Сом,https://enter.kg/images/stories/virtuemart/product/1_7803.jpg
"Lenovo IdeaPad L340-15API ATHLON 300U 2.4-3.3GHz,4GB,SSD 120GB, 15.6""HD RUS BLACK",34892 Сом,https://enter.kg/images/stories/virtuemart/product/1) l340 15 оычный._1110.jpg
"Lenovo V15 i3-10110U 2.1-4.1 GHz,8GB,SSD 480GB,15.6""HD,RUS,DOS HDMI, IRON GRAY",34892 Сом,https://enter.kg/images/stories/virtuemart/product/2_5958.jpg
"Lenovo IP3 i3-10110U 2.1-4.1GHz, 4GB,SSD 480GB, 15.6""FHD RUS, HDMI, BLACK",34988 Сом,https://enter.kg/images/stories/virtuemart/product/1_4022_3030.jpg
"Lenovo Ideapad 3-15ITL6 Intel Core i3-1115G4 (up to 4.1Ghz), 15.6"" LED FULL HD (1920 x 1080), 4GB DDR4-3200Mhz, 128GB SSD, Intel UHD Graphics, WiFi, BT 5.0, HD 720P Cam, Eng-Rus, ARCTIC GREY",35084 Сом,https://enter.kg/images/stories/virtuemart/product/1_1469_8437.jpg
"Lenovo Ideapad 3-15ITL6 Intel Core i3-1115G4 (up to 4.1Ghz), 15.6"" LED FULL HD (1920 x 1080), 4GB DDR4-3200Mhz, 1TB, Intel UHD Graphics, WiFi, BT 5.0, HD 720P Cam, Eng-Rus, ARCTIC GREY.",35084 Сом,https://enter.kg/images/stories/virtuemart/product/1_7935_5606.jpg
"Lenovo Ideapad L3-15ITL6 Platinum Grey Intel Pentium Gold 7505 (1.8Ghz), 4GB, 120GB M.2 SSD, Intel HD Graphics, 15.6"" IPS FULL HD (1920x1080), WiFi, BT, Cam, LAN RJ45, DOS, Eng-Rus",35084 Сом,https://enter.kg/images/stories/virtuemart/product/1_6535.jpg
"Lenovo Ideapad S145-15AST Black A6-9225 (up to 3.00Ghz), 4GB DDR4, 256GB M.2 NVMe PCIe, AMD Radeon R7 M445 2GB, 15.6"" LED HD, WiFi, BT, Cam, DOS, Eng-Rus",35084 Сом,https://enter.kg/images/stories/virtuemart/product/1_1391_5315.jpg
"Lenovo IP3 i3-10110U 2.1-4.1GHz, 8GB,SSD 240GB, 15.6""FHD RUS, HDMI, BLACK",35084 Сом,https://enter.kg/images/stories/virtuemart/product/1_8218_5894.jpg
"Ноутбук HP 15-ef1071wm 234W8UA#ABA AMD Athlon Silver 3050U (2.30-3.20GHz), 4GB DDR4, 128GB SSD, AMD Radeon Graphics, 15.6"" HD (1366x768) LED, WiFi ac, BT 4.2, WC, CR, Win 11 Home, Bag, Русская клавиатура, Silver",35084 Сом,https://enter.kg/images/stories/virtuemart/product/1_8919_3930.jpg
"Ноутбук HP 15s-eq1129ur 22V36EA#ACB AMD Athlon 3020e (1.20GHz-2.60GHz), 4GB DDR4, 256GB SSD, AMD Radeon Graphics 3, 15.6""FHD (1920x1080) IPS, WiFi ac, BT 4.2, HD WC, CR, DOS, Русская клавиатура, Grey",35084 Сом,https://enter.kg/images/stories/virtuemart/product/1473317_v04_b_1127.jpg
"Lenovo IdeaPad L340-15API ATHLON 300U 2.4-3.3GHz,4GB,1TB, 15.6""HD RUS BLACK",35180 Сом,https://enter.kg/images/stories/virtuemart/product/1) l340 15 оычный._6176.jpg
"AsusPRO P1440FA-BV3736 Intel Core i3-10110U (up to 4.1Ghz), 14"" HD (1366х768), 8GB, 128GB SSD, Intel HD Graphics 620, WiFi 6, BT 5.0, Cam, LAN, RJ45, VGA, HDMI, замок Kensington, Fingerprint Scaner (Сканер отпечатка пальцев), Eng-Rus, BLACK + сумка Asus в комплекте",35276 Сом,https://enter.kg/images/stories/virtuemart/product/1_7408.png
"AsusPRO P1440FA-BV3736 Intel Core i3-10110U (up to 4.1Ghz), 14"" HD (1366х768), 8GB, 1TB, Intel HD Graphics 620, WiFi 6, BT 5.0, Cam, LAN, RJ45, VGA, HDMI, замок Kensington, Fingerprint Scaner (Сканер отпечатка пальцев), Eng-Rus, BLACK + сумка Asus в комплекте",35276 Сом,https://enter.kg/images/stories/virtuemart/product/1_4683.png
"Lenovo Ideapad L3-15ITL6 Platinum Grey Intel Pentium Gold 7505 (1.8Ghz), 4GB, 500GB, Intel HD Graphics, 15.6"" IPS FULL HD (1920x1080), WiFi, BT, Cam, LAN RJ45, DOS, Eng-Rus",35276 Сом,https://enter.kg/images/stories/virtuemart/product/1 ) l3 plat_5390.jpg
"ASUS X515MA Grey Intel Quad Core N4120 (up to 2.6Ghz), 4GB, 500GB, Intel UHD Graphics 600, 15.6"" LED HD, WiFi, BT, Cam, Win10, Eng-Rus",35372 Сом,https://enter.kg/images/stories/virtuemart/product/1) x515 grey_4527.jpg
"ASUS X540UB Silver Intel Core i3-7020U (up to 3.1Ghz), 4GB, 500GB, Intel HD Graphics 620, 15.6"" LED FULL HD (1920x1080), DVDRW, WiFi, BT, Cam, DOS, Eng-Rus",35564 Сом,https://enter.kg/images/stories/virtuemart/product/1)asus x540lj silver_6792.jpg
"Lenovo Ideapad L3-15ITL6 Platinum Grey Intel Pentium Gold 7505 (1.8Ghz), 4GB, 1TB, Intel HD Graphics, 15.6"" IPS FULL HD (1920x1080), WiFi, BT, Cam, LAN RJ45, DOS, Eng-Rus",35564 Сом,https://enter.kg/images/stories/virtuemart/product/1 ) l3 plat_3813.jpg
"Lenovo Ideapad S145-15AST Black A6-9225 (up to 3.00Ghz), 8GB DDR4, 120GB M.2 SSD, AMD Radeon R7 M445 2GB, 15.6"" LED HD, WiFi, BT, Cam, DOS, Eng-Rus",35564 Сом,https://enter.kg/images/stories/virtuemart/product/1_7061.jpg
"Lenovo Ideapad S145-15AST Black A6-9225 (up to 3.00Ghz), 8GB DDR4, 1TB, AMD Radeon R7 M445 2GB, 15.6"" LED HD, WiFi, BT, Cam, DOS, Eng-Rus",35564 Сом,https://enter.kg/images/stories/virtuemart/product/1) s 145_4942.jpg
"Lenovo Ideapad S145-15AST Black A6-9225 (up to 3.00Ghz), 8GB DDR4, 500GB, AMD Radeon R7 M445 2GB, 15.6"" LED HD, WiFi, BT, Cam, DOS, Eng-Rus",35564 Сом,https://enter.kg/images/stories/virtuemart/product/1) s145_2967.jpg
"Notebook HP 15s-eq1129ur 22V36EA#ACB AMD Athlon 3020e (1.20GHz-2.60GHz), 4GB DDR4, 256GB SSD, AMD Radeon Graphics 3, 15.6""FHD (1920x1080) IPS, WiFi ac, BT 4.2, HD WC, CR, DOS, Русская клавиатура, Grey",35564 Сом,https://enter.kg/images/stories/virtuemart/product/1_2528_8997.jpg
"Notebook Lenovo IdeaPad 3 14IIL05 Intel Core i3-1005G1 (1.20-3.40GHz), 4GB DDR4, 128GB SSD, Intel UHD Graphics, 14 ""FHD (1920x1080) IPS, WiFi ac, BT 5.0, CR, WC, Win 11 ENG Home in S mode, Русская клавиатура, Platinum Grey [81WD010UUS]",35564 Сом,https://enter.kg/images/novinka.gif
"Lenovo IdeaPad L340-15API ATHLON 300U 2.4-3.3GHz,4GB,SSD 240GB, 15.6""HD RUS BLACK",35661 Сом,https://enter.kg/images/stories/virtuemart/product/1) l340 15 оычный._4855.jpg
"ASUS X540UB Silver Intel Core i3-7020U (up to 3.1Ghz), 4GB, 1TB, Intel HD Graphics 620, 15.6"" LED FULL HD (1920x1080), DVDRW, WiFi, BT, Cam, DOS, Eng-Rus",36045 Сом,https://enter.kg/images/stories/virtuemart/product/1)asus x540lj silver_4690.jpg
"Lenovo Ideapad 3-15ITL6 Intel Core i3-1115G4 (up to 4.1Ghz), 15.6"" LED FULL HD (1920 x 1080), 4GB DDR4-3200Mhz, 256GB SSD, Intel UHD Graphics, WiFi, BT 5.0, HD 720P Cam, Eng-Rus, ARCTIC GREY",36045 Сом,https://enter.kg/images/stories/virtuemart/product/1_2144.jpg
"Lenovo Ideapad L3-15ITL6 Platinum Grey Intel Pentium Gold 7505 (1.8Ghz), 4GB, 256GB M.2 NVMe PCIe, Intel HD Graphics, 15.6"" IPS FULL HD (1920x1080), WiFi, BT, Cam, LAN RJ45, DOS, Eng-Rus",36045 Сом,https://enter.kg/images/stories/virtuemart/product/1_6450.jpg
"Ноутбук HP 15s-eq1280ur 2X0P1EA#ACB AMD Athlon Gold 3150U (2.40-3.30GHz), 4GB DDR4, 256GB SSD, AMD Radeon Vega 3, 15.6""FHD (1920x1080) IPS, WiFi ac, BT 4.2, HD WC, CR, DOS, Русская клавиатура, Gray",36045 Сом,https://enter.kg/images/stories/virtuemart/product/1 ) 15s black grey_8139.jpg
"AsusPRO P1440FA-BV3736 Intel Core i3-10110U (up to 4.1Ghz), 14"" HD (1366х768), 8GB, 256GB SSD PCIe NVMe M.2, Intel HD Graphics 620, WiFi 6, BT 5.0, Cam, LAN, RJ45, VGA, HDMI, замок Kensington, Fingerprint Scaner (Сканер отпечатка пальцев), Eng-Rus, BLACK + сумка Asus в комплекте.",36237 Сом,https://enter.kg/images/stories/virtuemart/product/1_8676.png
"ASUS X515MA Grey Intel Quad Core N4120 (up to 2.6Ghz), 4GB, 500GB, Intel UHD Graphics 600, 15.6"" LED FULL HD (1920x1080), WiFi, BT, Cam, Win10, Eng-Rus",36333 Сом,https://enter.kg/images/stories/virtuemart/product/1) x515_7776.png
"ASUS X540UB Silver Intel Core i3-7020U (up to 3.1Ghz), 4GB, 128GB SSD, Intel HD Graphics 620, 15.6"" LED FULL HD (1920x1080), DVDRW, WiFi, BT, Cam, DOS, Eng-Rus",36333 Сом,https://enter.kg/images/stories/virtuemart/product/1_4400_1688.jpg
"Lenovo Ideapad 3-15ADA05 Black Ryzen 3 3250U (up to 3.5Ghz), 4GB, 120GB M.2 SSD, AMD Radeon RX Vega 3, 15.6"" LED, WiFi, BT, Cam, DOS, Eng-Rus",36526 Сом,https://enter.kg/images/stories/virtuemart/product/1_4129.jpg
"Lenovo Ideapad 3-15ADA05 Black Ryzen 3 3250U (up to 3.5Ghz), 4GB, 500GB, AMD Radeon RX Vega 3, 15.6"" LED, WiFi, BT, Cam, DOS, Eng-Rus",36526 Сом,https://enter.kg/images/stories/virtuemart/product/1_2528_7327.jpg
"Lenovo Ideapad S145 Black Ryzen 3 3200U (up to 3.5Ghz), 4GB, 120GB M.2 SSD, AMD Radeon RX Vega 3, 15.6"" LED, WiFi, BT, Cam, DOS, Eng-Rus",36526 Сом,https://enter.kg/images/stories/virtuemart/product/1_6434_8244.jpg
"Lenovo Ideapad S145 Black Ryzen 3 3200U (up to 3.5Ghz), 4GB, 500GB, AMD Radeon RX Vega 3, 15.6"" LED, WiFi, BT, Cam, DOS, Eng-Rus",36526 Сом,https://enter.kg/images/stories/virtuemart/product/1_2528_3724.jpg
"Lenovo Ideapad S145-15AST Black A6-9225 (up to 3.00Ghz), 4GB DDR4, 512GB M.2 NVMe PCIe, AMD Radeon R7 M445 2GB, 15.6"" LED HD, WiFi, BT, Cam, DOS, Eng-Rus",36526 Сом,https://enter.kg/images/stories/virtuemart/product/1_2797.jpg
"Lenovo Ideapad S145-15AST Black A6-9225 (up to 3.00Ghz), 8GB DDR4, 256GB SSD, AMD Radeon R7 M445 2GB, 15.6"" LED HD, WiFi, BT, Cam, DOS, Eng-Rus",36526 Сом,https://enter.kg/images/stories/virtuemart/product/1) s 145_2819.jpg
"Lenovo IP3 i3-10110U 2.1-4.1GHz, 8GB,SSD 480GB, 15.6""FHD RUS, HDMI, BLACK",36526 Сом,https://enter.kg/images/stories/virtuemart/product/1_8804_7410.jpg
"Notebook Foxcon Metal Silver Intel Core i5-5257U (2.7-3.1Ghz), 8GB, 128GB SSD, Intel HD Graphics 6100, 15.6"" IPS FULL HD (1920x1080), WiFi, BT, HD WebCam, UltraSlim, Backlight Keyboard, Eng-Rus",36526 Сом,https://enter.kg/images/stories/virtuemart/product/1_6728_2287_7256.webp
"Ноутбук ASUS-X543M/Intel N4020/DDR4 4GB/SSD-120GB/15.6""/DVDRW/1B-Star Grey/Rus+Eng",36526 Сом,https://enter.kg/images/stories/virtuemart/product/1_2934.jpg
"Acer Aspire 3 A315-58-34X1 Intel Core i3-1115G4 (up to 4.1GHz), 15.6"" LED FULL HD (1920 x 1080), 4GB, 128GB SSD PCIe️ NVMe M.2, Intel UHD Graphics, WiFi, BT 5.0, Cam, LAN, RJ45, Eng-Rus, PURE SILVER",36622 Сом,https://enter.kg/images/stories/virtuemart/product/1_6698.jpg
"Acer Aspire 3 A315-58-37M9 Intel Core i3-1115G4 (up to 4.1GHz), 15.6"" LED FULL HD (1920 x 1080), 4GB, 128GB SSD PCIe️ NVMe M.2, Intel UHD Graphics, WiFi, BT 5.0, Cam, LAN, RJ45, Eng-Rus, ELECTRIC BLUE",36622 Сом,https://enter.kg/images/stories/virtuemart/product/1_3109_7163.jpg
"Lenovo Ideapad 3-15ADA05 Black Ryzen 3 3250U (up to 3.5Ghz), 4GB, 1TB, AMD Radeon RX Vega 3, 15.6"" LED, WiFi, BT, Cam, DOS, Eng-Rus",36718 Сом,https://enter.kg/images/stories/virtuemart/product/1_2528_4520.jpg
"Lenovo Ideapad 3-15ITL6 Intel Core i3-1115G4 (up to 4.1Ghz), 15.6"" LED FULL HD (1920 x 1080), 8GB DDR4-3200Mhz, 128GB SSD, Intel UHD Graphics, WiFi, BT 5.0, HD 720P Cam, Eng-Rus, ARCTIC GREY",36718 Сом,https://enter.kg/images/stories/virtuemart/product/1_6530_2395.jpg
"Lenovo Ideapad 3-15ITL6 Intel Core i3-1115G4 (up to 4.1Ghz), 15.6"" LED FULL HD (1920 x 1080), 8GB DDR4-3200Mhz, 1TB, Intel UHD Graphics, WiFi, BT 5.0, HD 720P Cam, Eng-Rus, ARCTIC GREY",36718 Сом,https://enter.kg/images/stories/virtuemart/product/1_8617_2359.jpg
"Lenovo Ideapad S145 Black Ryzen 3 3200U (up to 3.5Ghz), 4GB, 1TB, AMD Radeon RX Vega 3, 15.6"" LED, WiFi, BT, Cam, DOS, Eng-Rus",36718 Сом,https://enter.kg/images/stories/virtuemart/product/1_2528_4889.jpg
"ASUS X515MA Grey Intel Quad Core N4120 (up to 2.6Ghz), 4GB, 120GB M.2 SSD, Intel UHD Graphics 600, 15.6"" LED HD, WiFi, BT, Cam, Win10, Eng-Rus",36814 Сом,https://enter.kg/images/stories/virtuemart/product/2_3105.jpeg
"AsusPRO P1440FA-BV3736 Intel Core i3-10110U (up to 4.1Ghz), 14"" HD (1366х768), 12GB, 128GB SSD, Intel HD Graphics 620, WiFi 6, BT 5.0, Cam, LAN, RJ45, VGA, HDMI, замок Kensington, Fingerprint Scaner (Сканер отпечатка пальцев), Eng-Rus, BLACK + сумка Asus в комплекте",36910 Сом,https://enter.kg/images/stories/virtuemart/product/1_5841.png
"AsusPRO P1440FA-BV3736 Intel Core i3-10110U (up to 4.1Ghz), 14"" HD (1366х768), 12GB, 1TB, Intel HD Graphics 620, WiFi 6, BT 5.0, Cam, LAN, RJ45, VGA, HDMI, замок Kensington, Fingerprint Scaner (Сканер отпечатка пальцев), Eng-Rus, BLACK + сумка Asus в комплекте",36910 Сом,https://enter.kg/images/stories/virtuemart/product/1_7302.png
"Lenovo Ideapad L3-15ITL6 Platinum Grey Intel Pentium Gold 7505 (1.8Ghz), 8GB, 120GB M.2 SSD, Intel HD Graphics, 15.6"" IPS FULL HD (1920x1080), WiFi, BT, Cam, LAN RJ45, DOS, Eng-Rus",37006 Сом,https://enter.kg/images/stories/virtuemart/product/1_4678_8366.jpg
"Lenovo Ideapad S145-15AST Black A6-9225 (up to 3.00Ghz), 8GB DDR4, 256GB M.2 NVMe PCIe, AMD Radeon R7 M445 2GB, 15.6"" LED HD, WiFi, BT, Cam, DOS, Eng-Rus",37006 Сом,https://enter.kg/images/stories/virtuemart/product/1_5624_7622.jpg
"Notebook Lenovo IdeaPad 3 14IIL05 Intel Core i3-1005G1 (1.20-3.40GHz), 4GB DDR4, 256GB SSD m.2 NVMe, Intel UHD Graphics, 14 ""FHD (1920x1080) IPS, WiFi ac, BT 5.0, CR, WC, Win 11 ENG Home in S mode, Eng-Ru, Platinum Grey [81WD010UUS]",37006 Сом,https://enter.kg/images/novinka.gif
"Ноутбук ASUS-X543M/Intel N4020/DDR4 4GB/SSD-256GB/15.6""/DVDRW/1B-Star Grey/Rus+Eng",37006 Сом,https://enter.kg/images/stories/virtuemart/product/1_4215.jpg
"Ноутбук Hp 250 G7 Intel Core i3-1005G1 (up to 3.4Ghz), 8GB, 256GB SSD, 15,6""HD (1366х768), Intel UHD Graphics, LAN, RJ-45, WiFi, BT, Cam, Dark Ash Silver",37006 Сом,https://enter.kg/images/stories/virtuemart/product/1_2024_5862.jpg
"Acer EX215-52-38SC i3-1005G1 1.2-3.4GHz,4GB, SSD 120GB, 15.6""FHD,LAN,BLACK",37198 Сом,https://enter.kg/images/stories/virtuemart/product/1_8942_8835.jpg
"Lenovo Ideapad L3-15ITL6 Platinum Grey Intel Pentium Gold 7505 (1.8Ghz), 8GB, 500GB, Intel HD Graphics, 15.6"" IPS FULL HD (1920x1080), WiFi, BT, Cam, LAN RJ45, DOS, Eng-Rus",37198 Сом,https://enter.kg/images/stories/virtuemart/product/1) l3_8143.jpg
"ASUS X515MA Grey Intel Quad Core N4120 (up to 2.6Ghz), 4GB, 1TB, Intel UHD Graphics 600, 15.6"" LED HD, WiFi, BT, Cam, Win10, Eng-Rus",37295 Сом,https://enter.kg/images/stories/virtuemart/product/1) x515 grey_2697.jpg
"Ноутбук ASUS X543MA-DM1140 Intel Pentium Silver N5030 (1.10-3.10GHz), 4GB DDR4, 128GB SSD, Intel UHD Graphics 605, 15.6""FHD (1920x1080) LED, WiFi ac, BT 4.1, WC, CR, DOS, Русская клавиатура, Star Grey",37295 Сом,https://enter.kg/images/stories/virtuemart/product/1_2528_2503.jpg
"Acer EX215-52-37SE i3-1005G1 1.2-3.4GHz,4GB, 1TB, 15.6""FHD,LAN,BLACK",37391 Сом,https://enter.kg/images/stories/virtuemart/product/1_8106_4329.jpg
"Acer EX215-52-38SC i3-1005G1 1.2-3.4GHz,4GB, SSD 128GB, 15.6""FHD,LAN,BLACK",37487 Сом,https://enter.kg/images/stories/virtuemart/product/1_6910_2926.jpg
"Lenovo Ideapad 3-15ADA05 Black Ryzen 3 3250U (up to 3.5Ghz), 4GB, 256GB M.2 NVMe PCIe, AMD Radeon RX Vega 3, 15.6"" LED, WiFi, BT, Cam, DOS, Eng-Rus",37487 Сом,https://enter.kg/images/stories/virtuemart/product/1_1028_6675.jpg
"Lenovo Ideapad L3-15ITL6 Platinum Grey Intel Pentium Gold 7505 (1.8Ghz), 8GB, 1TB, Intel HD Graphics, 15.6"" IPS FULL HD (1920x1080), WiFi, BT, Cam, LAN RJ45, DOS, Eng-Rus",37487 Сом,https://enter.kg/images/stories/virtuemart/product/1 ) l3 plat_3130.jpg
"Lenovo Ideapad S145 Black Ryzen 3 3200U (up to 3.5Ghz), 4GB, 256GB M.2 NVMe PCIe, AMD Radeon RX Vega 3, 15.6"" LED, WiFi, BT, Cam, DOS, Eng-Rus",37487 Сом,https://enter.kg/images/stories/virtuemart/product/1_6845_4389.jpg
"Lenovo Ideapad S145-15AST Black A6-9225 (up to 3.00Ghz), 4GB DDR4, 1TB + 256GB M.2 NVMe PCIe, AMD Radeon R7 M445 2GB, 15.6"" LED HD, WiFi, BT, Cam, DOS, Eng-Rus",37487 Сом,https://enter.kg/images/stories/virtuemart/product/1_7903_5263.jpg
"Acer Aspire 3 A315-58-34X1 Intel Core i3-1115G4 (up to 4.1GHz), 15.6"" LED FULL HD (1920 x 1080), 4GB, 256GB SSD PCIe️ NVMe M.2, Intel UHD Graphics, WiFi, BT 5.0, Cam, LAN, RJ45, Eng-Rus, PURE SILVER.",37583 Сом,https://enter.kg/images/stories/virtuemart/product/1_1344.jpg
"Acer Aspire 3 A315-58-37M9 Intel Core i3-1115G4 (up to 4.1GHz), 15.6"" LED FULL HD (1920 x 1080), 4GB, 256GB SSD PCIe️ NVMe M.2, Intel UHD Graphics, WiFi, BT 5.0, Cam, LAN, RJ45, Eng-Rus, ELECTRIC BLUE.",37583 Сом,https://enter.kg/images/stories/virtuemart/product/1_7887_7782.jpg
"Lenovo Ideapad 3-15ITL6 Intel Core i3-1115G4 (up to 4.1Ghz), 15.6"" LED FULL HD (1920 x 1080), 4GB DDR4-3200Mhz, 1TB + 128GB SSD PCIe NVMe M.2, Intel UHD Graphics, WiFi, BT 5.0, HD 720P Cam, Eng-Rus, ARCTIC GREY",37583 Сом,https://enter.kg/images/stories/virtuemart/product/1_8505_7268.jpg
"Notebook Lenovo IdeaPad 3 14IIL05 Intel Core i3-1005G1 (1.20-3.40GHz), 8GB DDR4, 128GB SSD m.2 NVMe, Intel UHD Graphics, 14 ""FHD (1920x1080) IPS, WiFi ac, BT 5.0, CR, WC, Win 11 ENG Home in S mode, Eng-Ru, Platinum Grey [81WD010UUS]",37583 Сом,https://enter.kg/images/novinka.gif
"Acer EX215-52-38SC i3-1005G1 1.2-3.4GHz,4GB, 500GB, 15.6""FHD,LAN,BLACK",37679 Сом,https://enter.kg/images/stories/virtuemart/product/1_5937_5178.jpg
"Acer EX215-52-38SC i3-1005G1 1.2-3.4GHz,4GB, SSD 240GB, 15.6""FHD,LAN,BLACK",37679 Сом,https://enter.kg/images/stories/virtuemart/product/1_5981_2871.jpg
"ASUS X540UB Silver Intel Core i3-7020U (up to 3.1Ghz), 4GB, 256GB SSD, Intel HD Graphics 620, 15.6"" LED FULL HD (1920x1080), DVDRW, WiFi, BT, Cam, DOS, Eng-Rus",37679 Сом,https://enter.kg/images/stories/virtuemart/product/1_6247_3505.jpg
"ASUS X540UB Silver Intel Core i3-7020U (up to 3.1Ghz), 6GB, 1TB, Intel HD Graphics 620, 15.6"" LED FULL HD (1920x1080), DVDRW, WiFi, BT, Cam, DOS, Eng-Rus",37679 Сом,https://enter.kg/images/stories/virtuemart/product/1)asus x540lj silver_4031.jpg
"AsusPRO P1440FA-BV3736 Intel Core i3-10110U (up to 4.1Ghz), 14"" HD (1366х768), 8GB, 1TB + 128GB SSD PCIe NVMe M.2, Intel HD Graphics 620, WiFi 6, BT 5.0, Cam, LAN, RJ45, VGA, HDMI, замок Kensington, Fingerprint Scaner (Сканер отпечатка пальцев), Eng-Rus, BLACK + сумка Asus в комплекте",37679 Сом,https://enter.kg/images/stories/virtuemart/product/1_4587.png
"Lenovo Ideapad 3-15ITL6 Intel Core i3-1115G4 (up to 4.1Ghz), 15.6"" LED FULL HD (1920 x 1080), 8GB DDR4-3200Mhz, 256GB SSD, Intel UHD Graphics, WiFi, BT 5.0, HD 720P Cam, Eng-Rus, ARCTIC GREY",37679 Сом,https://enter.kg/images/stories/virtuemart/product/1_8418_6711.jpg
"Lenovo Ideapad L3-15ITL6 Platinum Grey Intel Pentium Gold 7505 (1.8Ghz), 4GB, 500GB + 120GB M.2 SSD, Intel HD Graphics, 15.6"" IPS FULL HD (1920x1080), WiFi, BT, Cam, LAN RJ45, DOS, Eng-Rus",37679 Сом,https://enter.kg/images/stories/virtuemart/product/1_8468_6743.jpg
"ASUS X515MA Grey Intel Quad Core N4120 (up to 2.6Ghz), 4GB, 120GB M.2 SSD, Intel UHD Graphics 600, 15.6"" LED FULL HD (1920x1080), WiFi, BT, Cam, Win10, Eng-Rus",37775 Сом,https://enter.kg/images/stories/virtuemart/product/2_7177.jpeg
"ASUS X515MA Grey Intel Quad Core N4120 (up to 2.6Ghz), 4GB, 256GB SSD, Intel UHD Graphics 600, 15.6"" LED HD, WiFi, BT, Cam, Win10, Eng-Rus",37775 Сом,https://enter.kg/images/stories/virtuemart/product/1) x515 grey_6343.jpg
"AsusPRO P1440FA-BV3736 Intel Core i3-10110U (up to 4.1Ghz), 14"" HD (1366х768), 12GB, 256GB SSD PCIe NVMe M.2, Intel HD Graphics 620, WiFi 6, BT 5.0, Cam, LAN, RJ45, VGA, HDMI, замок Kensington, Fingerprint Scaner (Сканер отпечатка пальцев), Eng-Rus, BLACK + сумка Asus в комплекте",37871 Сом,https://enter.kg/images/stories/virtuemart/product/1_5873.png
"Acer EX215-52-38SC i3-1005G1 1.2-3.4GHz,4GB, 1TB, 15.6""FHD,LAN,BLACK",37967 Сом,https://enter.kg/images/stories/virtuemart/product/1_4339.jpg
"Acer EX215-52-38SC i3-1005G1 1.2-3.4GHz,4GB, SSD 256GB, 15.6""FHD,LAN,BLACK",37967 Сом,https://enter.kg/images/stories/virtuemart/product/1_2596_2996.jpg
"Lenovo Ideapad 3-15ITL6 Intel Core i3-1115G4 (up to 4.1Ghz), 15.6"" LED FULL HD (1920 x 1080), 4GB DDR4-3200Mhz, 512GB SSD PCIe NVMe M.2, Intel UHD Graphics, WiFi, BT 5.0, HD 720P Cam, Eng-Rus, ARCTIC GREY",37967 Сом,https://enter.kg/images/stories/virtuemart/product/1_2700_7620.jpg
"Lenovo Ideapad L3-15ITL6 Platinum Grey Intel Pentium Gold 7505 (1.8Ghz), 4GB, 1TB + 120GB M.2 SSD, Intel HD Graphics, 15.6"" IPS FULL HD (1920x1080), WiFi, BT, Cam, LAN RJ45, DOS, Eng-Rus",37967 Сом,https://enter.kg/images/stories/virtuemart/product/1_3214_2333.jpg
"Lenovo Ideapad L3-15ITL6 Platinum Grey Intel Pentium Gold 7505 (1.8Ghz), 8GB, 256GB M.2 NVMe PCIe, Intel HD Graphics, 15.6"" IPS FULL HD (1920x1080), WiFi, BT, Cam, LAN RJ45, DOS, Eng-Rus",37967 Сом,https://enter.kg/images/stories/virtuemart/product/1_2873_4137.jpg
"Notebook Foxcon Metal Silver Intel Core i5-5257U (2.7-3.1Ghz), 8GB, 256GB SSD, Intel HD Graphics 6100, 15.6"" IPS FULL HD (1920x1080), WiFi, BT, HD WebCam, UltraSlim, Backlight Keyboard, Eng-Rus",37967 Сом,https://enter.kg/images/stories/virtuemart/product/1_6728_2287.jpg
"Ноутбук Asus E510KA-BQ111T Intel Celeron N4500 (1.10-2.80GHz), 4GB DDR4, 128GB SSD, Intel UHD Graphics, 15.6""FHD (1920x1080) LED, WiFi ac, BT 4.2, WC, CR, Win 10 Home, Русская клавиатура, Peacock Blue",38064 Сом,https://enter.kg/images/stories/virtuemart/product/1_2528_5114.jpg
"AsusPRO P1440FA-BV3736 Intel Core i3-10110U (up to 4.1Ghz), 14"" HD (1366х768), 8GB, 512GB SSD PCIe NVMe M.2, Intel HD Graphics 620, WiFi 6, BT 5.0, Cam, LAN, RJ45, VGA, HDMI, замок Kensington, Fingerprint Scaner (Сканер отпечатка пальцев), Eng-Rus, BLACK + сумка Asus в комплекте",38160 Сом,https://enter.kg/images/stories/virtuemart/product/1_3908.png
"ASUS X515MA Grey Intel Quad Core N4120 (up to 2.6Ghz), 4GB, 1TB, Intel UHD Graphics 600, 15.6"" LED FULL HD (1920x1080), WiFi, BT, Cam, Win10, Eng-Rus",38256 Сом,https://enter.kg/images/stories/virtuemart/product/1) x515_7685.png
"Ноутбук HP 15s-fq3025ur 3V048EA#ACB Intel Pentium N6000 (1.10GHz-3.30GHz), 4GB DDR4, 256GB SSD, Intel UHD Graphics, 15.6""FHD (1920x1080) IPS, WiFi ac, BT 4.2, HD WC, CR, DOS, Русская клавиатура, Grey",38352 Сом,https://enter.kg/images/stories/virtuemart/product/1_4655.jfif
"Notebook Lenovo IdeaPad 3 14IIL05 Intel Core i3-1005G1 (1.20-3.40GHz), 8GB DDR4, 256GB SSD m.2 NVMe, Intel UHD Graphics, 14 ""FHD (1920x1080) IPS, WiFi ac, BT 5.0, CR, WC, Win 11 ENG Home in S mode, Eng-Ru, Platinum Grey [81WD010UUS]",38400 Сом,https://enter.kg/images/novinka.gif
"ASUS X540UB Silver Intel Core i3-7020U (up to 3.1Ghz), 8GB, 128GB SSD, Intel HD Graphics 620, 15.6"" LED FULL HD (1920x1080), DVDRW, WiFi, BT, Cam, DOS, Eng-Rus",38448 Сом,https://enter.kg/images/stories/virtuemart/product/1_3035.jpg
"HP 250 G7 Dark Ash Intel Pentium Quad Core N5030 (up to 3.1Ghz), 4GB DDR4, 120GB M.2 SSD, Intel® UHD Graphics 605, 15.6"" LED FULL HD (1920x1080), WiFi, BT, Cam, DOS, Eng-Rus",38448 Сом,https://enter.kg/images/stories/virtuemart/product/1_8221_4985.jpg
"Lenovo Ideapad 3-15ADA05 Black Ryzen 3 3250U (up to 3.5Ghz), 4GB, 500GB + 120GB M.2 SSD, AMD Radeon RX Vega 3, 15.6"" LED, WiFi, BT, Cam, DOS, Eng-Rus",38448 Сом,https://enter.kg/images/stories/virtuemart/product/1_8599_4879.jpg
"Lenovo Ideapad 3-15ADA05 Black Ryzen 3 3250U (up to 3.5Ghz), 8GB, 120GB M.2 SSD, AMD Radeon RX Vega 3, 15.6"" LED, WiFi, BT, Cam, DOS, Eng-Rus",38448 Сом,https://enter.kg/images/stories/virtuemart/product/1_6369_8841.jpg
"Lenovo Ideapad 3-15ADA05 Black Ryzen 3 3250U (up to 3.5Ghz), 8GB, 500GB, AMD Radeon RX Vega 3, 15.6"" LED, WiFi, BT, Cam, DOS, Eng-Rus",38448 Сом,https://enter.kg/images/stories/virtuemart/product/1_2528_8278.jpg
"Lenovo Ideapad 3-15IML05 Platinum Grey Intel Pentium 6405U (2.4Ghz), 4GB, 500GB, Nvidia GeForce MX130 2GB, 15.6"" LED HD, WiFi, BT, Cam, DOS, Eng-Rus",38448 Сом,https://enter.kg/images/stories/virtuemart/product/1_2528_5591.jpg
"Lenovo Ideapad 3-15ITL6 Intel Core i3-1115G4 (up to 4.1Ghz), 15.6"" LED FULL HD (1920 x 1080), 4GB DDR4-3200Mhz, 1TB + 256GB SSD PCIe NVMe M.2, Intel UHD Graphics, WiFi, BT 5.0, HD 720P Cam, Eng-Rus, ARCTIC GREY",38448 Сом,https://enter.kg/images/stories/virtuemart/product/1_4213.jpg
"Lenovo Ideapad L3-15ITL6 Platinum Grey Intel Pentium Gold 7505 (1.8Ghz), 4GB, 512GB M.2 NVMe PCIe, Intel HD Graphics, 15.6"" IPS FULL HD (1920x1080), WiFi, BT, Cam, LAN RJ45, DOS, Eng-Rus",38448 Сом,https://enter.kg/images/stories/virtuemart/product/1_7916.jpg
"Lenovo Ideapad S145 Black Ryzen 3 3200U (up to 3.5Ghz), 4GB, 500GB + 120GB M.2 SSD, AMD Radeon RX Vega 3, 15.6"" LED, WiFi, BT, Cam, DOS, Eng-Rus",38448 Сом,https://enter.kg/images/stories/virtuemart/product/1_2992_7149.jpg
"Lenovo Ideapad S145 Black Ryzen 3 3200U (up to 3.5Ghz), 8GB, 120GB M.2 SSD, AMD Radeon RX Vega 3, 15.6"" LED, WiFi, BT, Cam, DOS, Eng-Rus",38448 Сом,https://enter.kg/images/stories/virtuemart/product/1_6258_5891.jpg
"Lenovo Ideapad S145 Black Ryzen 3 3200U (up to 3.5Ghz), 8GB, 500GB, AMD Radeon RX Vega 3, 15.6"" LED, WiFi, BT, Cam, DOS, Eng-Rus",38448 Сом,https://enter.kg/images/stories/virtuemart/product/1_2528_3520.jpg
"Lenovo Ideapad S145-15AST Black A6-9225 (up to 3.00Ghz), 12GB DDR4, 256GB M.2 NVMe PCIe, AMD Radeon R7 M445 2GB, 15.6"" LED HD, WiFi, BT, Cam, DOS, Eng-Rus",38448 Сом,https://enter.kg/images/stories/virtuemart/product/1_1263_2850.jpg
"Lenovo Ideapad S145-15AST Black A6-9225 (up to 3.00Ghz), 8GB DDR4, 512GB M.2 NVMe PCIe, AMD Radeon R7 M445 2GB, 15.6"" LED HD, WiFi, BT, Cam, DOS, Eng-Rus",38448 Сом,https://enter.kg/images/stories/virtuemart/product/1_1883.jpg
"Notebook Asus E510KA-BQ111T Intel Celeron N4500 (1.10-2.80GHz), 4GB DDR4, 128GB SSD, Intel UHD Graphics, 15.6""FHD (1920x1080) LED, WiFi ac, BT 4.2, WC, CR, Win 10 Home, Русская клавиатура, Peacock Blue",38448 Сом,https://enter.kg/images/stories/virtuemart/product/1_8266_5265.jpg
"Acer Aspire 3 A315-58-34X1 Intel Core i3-1115G4 (up to 4.1GHz), 15.6"" LED FULL HD (1920 x 1080), 8GB, 128GB SSD PCIe️ NVMe M.2, Intel UHD Graphics, WiFi, BT 5.0, Cam, LAN, RJ45, Eng-Rus, PURE SILVER",38544 Сом,https://enter.kg/images/stories/virtuemart/product/1_3522_5230.jpg
"Acer Aspire 3 A315-58-37M9 Intel Core i3-1115G4 (up to 4.1GHz), 15.6"" LED FULL HD (1920 x 1080), 8GB, 128GB SSD PCIe️ NVMe M.2, Intel UHD Graphics, WiFi, BT 5.0, Cam, LAN, RJ45, Eng-Rus, ELECTRIC BLUE",38544 Сом,https://enter.kg/images/stories/virtuemart/product/1_7570_2281.jpg
"Lenovo Ideapad 3-15IML05 Platinum Grey Intel Pentium 6405U (2.4Ghz), 4GB, 120GB M.2 SSD, Nvidia GeForce MX130 2GB, 15.6"" LED HD, WiFi, BT, Cam, DOS, Eng-Rus",38544 Сом,https://enter.kg/images/stories/virtuemart/product/1_2785_2504.jpg
"ASUS X540UB Gold Intel Core i3-7020U (up to 3.1Ghz), 4GB, 128GB SSD, Nvidia Geforce MX110 2GB, 15.6"" LED FULL HD (1920x1080), WiFi, BT, Cam, DOS, Eng-Rus",38640 Сом,https://enter.kg/images/stories/virtuemart/product/1)x540sa satin gold_4945.jpg
"ASUS X540UB Gold Intel Core i3-7020U (up to 3.1Ghz), 4GB, 500GB, Nvidia Geforce MX110 2GB, 15.6"" LED FULL HD (1920x1080), WiFi, BT, Cam, DOS, Eng-Rus",38640 Сом,https://enter.kg/images/stories/virtuemart/product/1)x540sa satin gold_1695.jpg
"ASUS X540UB Silver Intel Core i3-7020U (up to 3.1Ghz), 4GB, 128GB SSD, Nvidia Geforce MX110 2GB, 15.6"" LED FULL HD (1920x1080), WiFi, BT, Cam, DOS, Eng-Rus",38640 Сом,https://enter.kg/images/stories/virtuemart/product/1)asus x540lj silver_4703.jpg
"ASUS X540UB Silver Intel Core i3-7020U (up to 3.1Ghz), 4GB, 500GB, Nvidia Geforce MX110 2GB, 15.6"" LED FULL HD (1920x1080), WiFi, BT, Cam, DOS, Eng-Rus",38640 Сом,https://enter.kg/images/stories/virtuemart/product/1)asus x540lj silver_7102.jpg
